X1,X2,X3,X4,X5,Y,Z
1,95,"199,5",-100,,19,A
2,251,"1270,02",78,,"1875,04",A
3,403,"3252,18",59,,"5369,36",A
4,552,"6080,08",67,,"10591,16",A
5,610,7432,-1,,13058,A
6,797,"12685,18",-86,,"22923,36",A
7,939,"17650,42",82,,"32600,84",A
8,1049,"22024,02",-89,,"40852,04",A
9,1153,"26582,18",-32,,"49718,36",A
10,1322,"34973,68",71,,"66102,36",A
11,1426,"40687,52",-12,,"77140,04",A
12,1570,49290,64,,93994,A
13,1723,"59364,58",-97,,"113528,16",A
14,1844,"68022,72",-76,,"130507,44",A
15,1927,"74274,58",73,,"142916,16",A
16,2058,"84721,28",-16,,"163332,56",A
17,2190,95928,-32,,185339,A
18,2348,"110257,08",-14,,"213546,16",A
19,2437,"118769,38",51,,"230373,76",A
20,2607,"135912,98",-92,,"264012,96",A
21,2762,"152586,88",-76,,"296916,76",A
22,2846,"162007,32",-16,,"315570,64",A
23,3013,"181562,38",-18,,"354182,76",A
24,3158,"199462,28",14,,"389584,56",A
25,3217,"206979,78",49,,"404482,56",A
26,3418,"233652,48",-4,,"457176,96",A
27,3507,"245970,98",12,,"481567,96",A
28,3646,"265851,32",38,,"520942,64",A
29,3747,"280812,18",-78,,"550450,36",A
30,3881,"301262,22",-83,,"590948,44",A
31,4012,"321915,88",0,,"631950,76",A
32,4128,"340812,68",-91,,"669310,36",A
33,4282,"366730,48",65,,"720844,96",A
34,4406,"388253,72",18,,"763477,44",A
35,4573,"418247,58",85,,"823036,16",A
36,4706,"442930,72",31,,"871954,44",A
37,4813,"463303,38",38,,"912390,76",A
38,4975,"494995,5",-69,,975187,A
39,5070,514081,71,,1013218,A
40,5183,"537253,78",53,,"1059211,56",A
41,5339,"570092,42",49,,"1124421,84",A
42,5424,"588394,52",63,,"1160790,04",A
43,5613,"630096,38",98,,"1243666,76",A
44,5703,"650476,18",-80,,"1283983,36",A
45,5890,693838,-100,,1370131,A
46,5940,705661,-39,,1393693,A
47,6081,"739566,22",85,,"1461209,44",A
48,6233,"777019,78",15,,"1535595,56",A
49,6392,"817163,28",-39,,"1615356,56",A
50,6503,"845763,18",-78,,"1672189,36",A
51,6623,"877272,58",-89,,"1734842,16",A
52,6795,"923427,5",-17,,1826713,A
53,6921,"958024,82",-12,,"1895539,64",A
54,7000,980019,29,,1939337,A
55,7187,"1033077,38",42,,"2044910,76",A
56,7287,"1062018,38",56,,"2102511,76",A
57,7374,"1087533,52",45,,"2153275,04",A
58,7554,"1141276,32",-21,,"2260159,64",A
59,7648,"1169848,08",19,,"2317066,16",A
60,7777,"1209619,58",-52,,"2396156,16",A
61,7921,"1254846,82",-14,,"2486221,64",A
62,8078,"1305090,68",63,,"2586320,36",A
63,8157,"1330743,98",93,,"2637424,96",A
64,8335,"1389444,5",-100,,2754104,A
65,8446,"1426695,32",15,,"2828392,64",A
66,8571,"1469250,82",0,,"2913118,64",A
67,8684,"1508243,12",-94,,"2990675,24",A
68,8837,"1561870,38",6,,"3097575,76",A
69,8943,"1599541,98",91,,"3172690,96",A
70,9108,"1659129,28",-3,,"3291281,56",A
71,9205,"1694620,5",-99,,3361882,A
72,9347,"1747323,18",-53,,"3466912,36",A
73,9512,"1809545,88",54,,"3590974,76",A
74,9634,"1856286,12",-31,,"3684009,24",A
75,9750,1901246,-49,,3773568,A
76,9885,"1954265,5",91,,3879347,A
77,10026,"2010423,52",-37,,"3991117,04",A
78,10168,"2067750,48",-22,,"4105364,96",A
79,10262,"2106160,88",53,,"4181983,76",A
80,10437,"2178638,38",-29,,"4326336,76",A
81,10492,"2201632,28",55,,"4372248,56",A
82,10670,2276988,-68,,4522308,A
83,10753,"2312524,18",57,,"4593261,36",A
84,10899,"2375763,02",-57,,"4719192,04",A
85,11073,"2452246,58",82,,"4871781,16",A
86,11179,"2499396,82",59,,"4965745,64",A
87,11273,"2541630,58",-33,,"5049844,16",A
88,11409,"2603289,62",1,,"5172793,24",A
89,11551,"2668529,02",-71,,"5302779,04",A
90,11726,"2749998,52",-52,,"5465217,04",A
91,11821,"2794720,82",-91,,"5554342,64",A
92,11983,"2871851,78",30,,"5708244,56",A
93,12096,"2926263,32",43,,"5816746,64",A
94,12236,"2994406,92",76,,"5952651,84",A
95,12387,"3068738,38",11,,"6100801,76",A
96,12441,"3095563,62",0,,"6154284,24",A
97,12632,"3191343,48",-92,,"6345183,96",A
98,12700,3225795,10,,6413990,A
99,12864,"3309635,92",11,,"6581185,84",A
100,12985,"3372208,5",-96,,6705866,A
101,13136,"3451098,92",39,,"6863333,84",A
102,13256,"3514449,72",-54,,"6989587,44",A
103,13365,"3572467,5",79,,7105434,A
104,13480,3634199,-30,,7228448,A
105,13641,"3721530,62",-67,,"7402596,24",A
106,13761,"3787304,42",-19,,"7533836,84",A
107,13920,3875347,86,,7709555,A
108,14066,"3957064,12",-85,,"7872385,24",A
109,14176,"4019197,52",4,,"7996416,04",A
110,14292,"4085245,28",57,,"8128221,56",A
111,14393,"4143179,98",91,,"8243826,96",A
112,14522,"4217771,68",-24,,"8392513,36",A
113,14711,"4328268,42",26,,"8612994,84",A
114,14828,"4397409,68",-70,,"8750835,36",A
115,14967,"4480228,78",-13,,"8916118,56",A
116,15040,4524019,66,,9003564,A
117,15172,"4603776,68",-61,,"9162561,36",A
118,15315,"4690998,5",-22,,9336620,A
119,15450,4774039,80,,9502403,A
120,15606,"4870953,72",32,,"9695721,44",A
121,15735,"4951815,5",-20,,9857011,A
122,15893,"5051759,98",31,,"10056481,96",A
123,16009,"5125742,62",95,,"10204168,24",A
124,16101,"5184845,02",-35,,"10321972,04",A
125,16262,"5289052,88",3,,"10529947,76",A
126,16385,"5369351,5",-69,,10690109,A
127,16510,5451619,-51,,10854292,A
128,16660,5551102,50,,11052914,A
129,16763,"5619949,38",-53,,"11190201,76",A
130,16875,"5695328,5",82,,11340764,A
131,17005,"5783417,5",-64,,11516411,A
132,17162,"5890700,88",72,,"11730647,76",A
133,17322,"6001016,68",3,,"11950735,36",A
134,17393,"6050337,98",-33,,"12049133,96",A
135,17512,"6133394,88",47,,"12214975,76",A
136,17642,"6224813,28",25,,"12397405,56",A
137,17842,"6366724,28",78,,"12680685,56",A
138,17980,6465615,92,,12878072,A
139,18036,"6505956,92",36,,"12958536,84",A
140,18200,6624811,32,,13195754,A
141,18341,"6727864,62",1,,"13401412,24",A
142,18475,"6826518,5",-50,,13598272,A
143,18593,"6913988,98",-97,,"13772816,96",A
144,18702,"6995302,08",-27,,"13935191,16",A
145,18856,"7110974,72",48,,"14166154,44",A
146,19016,"7232164,12",50,,"14408060,24",A
147,19136,"7323717,92",-16,,"14590746,84",A
148,19253,"7413557,18",-36,,"14770059,36",A
149,19350,7488465,-36,,14919589,A
150,19518,"7619061,48",-3,,"15180315,96",A
151,19649,"7721657,02",-25,,"15385097,04",A
152,19779,"7824193,82",25,,"15589835,64",A
153,19894,"7915415,72",-73,,"15771841,44",A
154,20023,"8018399,58",85,,"15977585,16",A
155,20144,"8115597,72",28,,"16171566,44",A
156,20317,"8255590,78",-15,,"16450995,56",A
157,20422,"8341168,68",45,,"16621901,36",A
158,20538,"8436179,88",-63,,"16811472,76",A
159,20694,"8564823,72",-59,,"17068301,44",A
160,20784,"8639500,12",27,,"17217475,24",A
161,20917,"8750425,78",-24,,"17438881,56",A
162,21085,"8891550,5",-17,,17720639,A
163,21212,"8998986,88",25,,"17935177,76",A
164,21297,"9071225,18",60,,"18079439,36",A
165,21433,"9187463,78",88,,"18311541,56",A
166,21618,"9346773,48",90,,"18629612,96",A
167,21671,"9392645,82",-16,,"18721097,64",A
168,21854,"9551933,32",29,,"19039173,64",A
169,22004,"9683537,32",-85,,"19301822,64",A
170,22116,"9782347,12",77,,"19499273,24",A
171,22231,"9884336,22",-47,,"19702787,44",A
172,22339,"9980598,42",-69,,"19894970,84",A
173,22456,"10085444,72",24,,"20104410,44",A
174,22641,"10252285,62",67,,"20437585,24",A
175,22761,"10361263,42",-27,,"20655091,84",A
176,22891,"10479960,62",21,,"20892149,24",A
177,22997,"10577246,18",-17,,"21086369,36",A
178,23118,"10688835,48",-54,,"21309152,96",A
179,23231,"10793575,22",3,,"21518355,44",A
180,23369,"10922199,22",-59,,"21775132,44",A
181,23553,"11094864,18",-52,,"22119922,36",A
182,23684,"11218651,12",-98,,"22367062,24",A
183,23795,"11324024,5",-37,,22577542,A
184,23930,11452900,60,,22834990,A
185,24049,"11567078,02",-38,,"23062896,04",A
186,24212,"11724424,88",-59,,"23377084,76",A
187,24341,"11849705,62",-67,,"23627256,24",A
188,24448,"11954076,08",-47,,"23835701,16",A
189,24543,"12047188,98",-41,,"24021652,96",A
190,24679,"12181054,82",26,,"24289048,64",A
191,24826,"12326587,52",33,,"24579685,04",A
192,24987,"12487006,38",-7,,"24900004,76",A
193,25066,"12566092,12",-59,,"25057892,24",A
194,25219,"12719953,22",31,,"25365250,44",A
195,25343,"12845356,98",94,,"25615753,96",A
196,25492,"12996831,28",-31,,"25918135,56",A
197,25613,"13120525,38",-100,,"26165096,76",A
198,25772,"13283931,68",48,,"26491585,36",A
199,25864,"13378926,92",7,,"26681263,84",A
200,25980,13499195,2,,26921452,B
201,26093,"13616903,98",50,,"27156583,96",B
202,26230,13760238,-53,,27442743,B
203,26388,"13926540,88",12,,"27774944,76",B
204,26509,"14054549,62",29,,"28030621,24",B
205,26665,"14220452,5",-38,,28361897,B
206,26747,"14308059,18",0,,"28536907,36",B
207,26949,"14524979,02",-76,,"28970070,04",B
208,27050,14634040,90,,29188060,B
209,27145,"14737027,5",-57,,29393608,B
210,27306,"14912355,72",10,,"29743853,44",B
211,27456,"15076628,72",-17,,"30071927,44",B
212,27562,"15193279,88",46,,"30304979,76",B
213,27723,"15371291,58",1,,"30660480,16",B
214,27853,"15515786,18",73,,"30949156,36",B
215,27943,"15616224,98",47,,"31149742,96",B
216,28046,"15731582,32",40,,"31380146,64",B
217,28239,"15948835,42",-41,,"31813997,84",B
218,28308,"16026850,28",-50,,"31969816,56",B
219,28492,"16235865,28",-72,,"32387277,56",B
220,28600,16359210,-88,,32633632,B
221,28760,16542763,67,,33000418,B
222,28834,"16627974,12",-17,,"33170539,24",B
223,28956,"16769000,72",-38,,"33452210,44",B
224,29114,"16952481,92",86,,"33818827,84",B
225,29267,"17131140,78",-86,,"34175519,56",B
226,29381,"17264870,22",24,,"34442751,44",B
227,29511,"17417963,42",48,,"34748576,84",B
228,29603,"17526751,18",44,,"34965877,36",B
229,29763,"17716735,38",66,,"35345392,76",B
230,29870,17844323,-6,,35600180,B
231,30009,"18010782,62",48,,"35932741,24",B
232,30173,"18208215,58",55,,"36327127,16",B
233,30296,"18356969,32",74,,"36624289,64",B
234,30458,"18553787,28",-63,,"37017307,56",B
235,30541,"18655069,62",-67,,"37219624,24",B
236,30684,"18830164,12",22,,"37569478,24",B
237,30786,"18955545,92",42,,"37819960,84",B
238,30976,"19190232,52",-96,,"38288631,04",B
239,31095,"19337998,5",58,,38583965,B
240,31224,"19498782,52",21,,"38905114,04",B
241,31319,"19617614,22",37,,"39142513,44",B
242,31498,"19842461,08",47,,"39591685,16",B
243,31572,"19935811,68",-69,,"39778053,36",B
244,31686,"20080032,92",-13,,"40066214,84",B
245,31880,20326673,2,,40558933,B
246,31964,"20433945,92",1,,"40773230,84",B
247,32137,"20655742,38",49,,"41216357,76",B
248,32275,"20833505,5",-79,,41571347,B
249,32337,"20913644,38",78,,"41731600,76",B
250,32531,"21165339,22",-22,,"42234313,44",B
251,32635,"21300848,5",-89,,42504958,B
252,32753,"21455164,18",91,,"42813420,36",B
253,32919,"21673231,22",-83,,"43248887,44",B
254,33015,"21799799,5",1,,43501825,B
255,33131,"21953268,22",-48,,"43808370,44",B
256,33309,"22189770,62",17,,"44280911,24",B
257,33436,"22359303,92",-100,,"44619484,84",B
258,33579,"22550975,82",-35,,"45002469,64",B
259,33661,"22661238,42",-81,,"45222707,84",B
260,33792,"22837992,28",13,,"45575921,56",B
261,33930,23024892,-34,,45949265,B
262,34084,"23234375,12",91,,"46367899,24",B
263,34190,23379125,-19,,46656976,B
264,34305,"23536673,5",-12,,46971740,B
265,34486,"23785664,92",54,,"47469250,84",B
266,34614,"23962591,92",71,,"47822742,84",B
267,34726,"24117902,52",-37,,"48132925,04",B
268,34842,"24279297,28",11,,"48455419,56",B
269,34988,"24483222,88",-1,,"48862825,76",B
270,35088,"24623346,88",-74,,"49142705,76",B
271,35243,"24841387,98",-60,,"49578341,96",B
272,35383,"25039148,78",67,,"49973575,56",B
273,35508,"25216371,28",51,,"50327634,56",B
274,35645,"25411302,5",76,,50717116,B
275,35714,"25509779,92",-28,,"50913764,84",B
276,35875,"25740321,5",84,,51374482,B
277,36003,"25924311,18",-60,,"51741938,36",B
278,36161,"26152351,42",-21,,"52197588,84",B
279,36235,"26259491,5",-96,,52411577,B
280,36425,"26535605,5",-17,,52963319,B
281,36553,"26722450,18",-87,,"53336559,36",B
282,36671,"26895236,82",20,,"53681890,64",B
283,36800,27084790,87,,54060682,B
284,36918,"27258757,48",-43,,"54408137,96",B
285,37086,"27507415,92",-67,,"54904931,84",B
286,37201,"27678302,02",-75,,"55246356,04",B
287,37337,"27881023,38",28,,"55651498,76",B
288,37427,"28015595,58",-14,,"55920336,16",B
289,37552,"28203067,08",-38,,"56294885,16",B
290,37686,"28404671,92",-6,,"56697729,84",B
291,37835,"28629747,5",-2,,57147443,B
292,37928,"28770679,68",-91,,"57428944,36",B
293,38097,"29027645,18",79,,"57942543,36",B
294,38182,"29157317,48",-25,,"58201533,96",B
295,38313,"29357715,38",-91,,"58601875,76",B
296,38462,"29586499,88",80,,"59059173,76",B
297,38605,"29806904,5",64,,59499543,B
298,38749,"30029687,02",-59,,"59944558,04",B
299,38859,"30200428,62",-85,,"60285690,24",B
300,38991,"30405951,62",-85,,"60696345,24",B
301,39119,"30605941,22",-29,,"61096001,44",B
302,39258,"30823821,28",13,,"61531391,56",B
303,39359,"30982614,62",-48,,"61848619,24",B
304,39518,"31233456,48",23,,"62349901,96",B
305,39673,"31478956,58",71,,"62840490,16",B
306,39818,"31709476,48",22,,"63301050,96",B
307,39912,"31859358,88",49,,"63600565,76",B
308,40017,"32027189,78",-23,,"63935845,56",B
309,40196,"32314359,32",74,,"64509749,64",B
310,40333,"32535016,78",88,,"64950672,56",B
311,40440,32707879,75,,65296068,B
312,40548,"32882819,08",5,,"65645559,16",B
313,40708,"33142821,28",-51,,"66165032,56",B
314,40844,"33364658,72",69,,"66608424,44",B
315,40986,"33597062,92",8,,"67072750,84",B
316,41058,"33715200,28",33,,"67308839,56",B
317,41175,"33907606,5",92,,67693365,B
318,41329,"34161713,82",41,,"68201071,64",B
319,41438,"34342167,88",90,,"68561706,76",B
320,41586,"34587887,92",32,,"69052649,84",B
321,41705,"34786160,5",-16,,69448795,B
322,41886,"35088720,92",-80,,"70053313,84",B
323,41958,"35209489,28",16,,"70294735,56",B
324,42087,"35426317,38",4,,"70727997,76",B
325,42256,"35711400,72",-44,,"71297614,44",B
326,42342,"35856886,28",44,,"71588420,56",B
327,42536,"36186242,92",83,,"72246595,84",B
328,42604,"36302009,32",5,,"72477851,64",B
329,42747,"36546104,18",97,,"72965709,36",B
330,42922,"36845970,68",92,,"73564917,36",B
331,43068,"37097049,48",100,,"74066649,96",B
332,43161,"37257422,42",-74,,"74386947,84",B
333,43301,"37499520,02",-91,,"74870711,04",B
334,43425,"37714627,5",-59,,75300591,B
335,43571,"37968651,82",-44,,"75808221,64",B
336,43706,"38204273,72",86,,"76279195,44",B
337,43777,"38328524,58",-16,,"76527387,16",B
338,43958,"38646100,28",94,,"77162110,56",B
339,44099,"38894435,02",-45,,"77658223,04",B
340,44220,39108168,-26,,78085350,B
341,44291,"39233863,62",-41,,"78336518,24",B
342,44443,"39503584,98",-19,,"78875531,96",B
343,44619,"39817108,22",53,,"79502127,44",B
344,44682,"39929617,48",-22,,"79726886,96",B
345,44865,"40257372,5",-87,,80381788,B
346,44942,"40395655,28",-42,,"80658172,56",B
347,45101,"40681985,02",-10,,"81230392,04",B
348,45232,"40918668,48",2,,"81703382,96",B
349,45351,"41134284,02",-96,,"82134164,04",B
350,45479,"41366806,82",-95,,"82598831,64",B
351,45659,"41694882,62",83,,"83254626,24",B
352,45731,"41826501,22",-95,,"83517474,44",B
353,45902,"42139879,08",-77,,"84143740,16",B
354,46050,42412045,24,,84687734,B
355,46146,"42589058,32",-57,,"85041396,64",B
356,46289,"42853433,42",9,,"85569788,84",B
357,46432,"43118619,48",-30,,"86099697,96",B
358,46507,"43258018,98",24,,"86378330,96",B
359,46665,"43552457,5",29,,86966744,B
360,46808,"43819774,28",-22,,"87500902,56",B
361,46919,"44027849,22",36,,"87916782,44",B
362,47086,"44341834,92",-40,,"88544181,84",B
363,47182,"44522836,48",81,,"88906022,96",B
364,47323,"44789319,58",88,,"89438578,16",B
365,47450,45030056,-28,,89919559,B
366,47610,45334224,-92,,90527356,B
367,47679,"45465741,82",-62,,"90790219,64",B
368,47800,45696794,97,,91252125,B
369,47977,"46035869,58",81,,"91929734,16",B
370,48135,"46339544,5",-61,,92536473,B
371,48229,"46520733,82",8,,"92898643,64",B
372,48331,"46717717,22",34,,"93292335,44",B
373,48465,"46977120,5",5,,93810716,B
374,48614,"47266438,92",-81,,"94388824,84",B
375,48731,"47494215,22",24,,"94844136,44",B
376,48843,"47712777,98",50,,"95280956,96",B
377,49022,"48063133,68",64,,"95981150,36",B
378,49130,48275157,26,,96404840,B
379,49298,"48605853,08",8,,"97065715,16",B
380,49435,"48876393,5",57,,97606439,B
381,49502,"49008948,08",-65,,"97871230,16",B
382,49692,"49385885,28",-22,,"98624582,56",B
383,49819,"49638669,22",-58,,"99129738,44",B
384,49910,49820146,99,,99492581,B
385,50063,"50126082,38",-93,,"100103807,8",B
386,50187,"50374714,38",2,,"100600799,8",B
387,50307,"50615893,98",-95,,101082707,B
388,50476,"50956511,52",-17,,101763518,B
389,50580,51166731,38,,102183705,B
390,50696,"51401671,32",53,,"102653257,6",B
391,50823,"51659547,58",59,,"103168640,2",B
392,50966,"51950656,12",-90,,"103750284,2",B
393,51073,"52169032,58",26,,"104186837,2",B
394,51235,"52500521,5",-90,,104849218,B
395,51324,"52683055,52",-27,,105214087,B
396,51489,"53022330,42",90,,"105892263,8",B
397,51589,"53228497,42",88,,"106304300,8",B
398,51735,"53530194,5",91,,106907265,B
399,51830,53726966,4,,107300441,B
400,52022,"54125774,68",30,,"108097513,4",B
401,52120,54329899,65,,108505508,B
402,52224,"54546934,52",97,,108939304,B
403,52376,"54864922,52",-36,,109574696,B
404,52520,55166999,-49,,110178409,B
405,52631,"55400446,22",9,,"110645033,4",B
406,52772,"55697661,68",-31,,"111239006,4",B
407,52883,"55932229,78",10,,"111707855,6",B
408,53011,"56203309,42",24,,"112249649,8",B
409,53181,"56564370,22",-95,,"112971147,4",B
410,53298,"56813530,08",-41,,"113469175,2",B
411,53430,57095295,55,,114032410,B
412,53557,"57367042,98",25,,114575500,B
413,53694,"57660919,72",77,,"115162899,4",C
414,53848,"57992159,08",76,,"115824920,2",C
415,53983,"58283287,78",-57,,"116406644,6",C
416,54098,"58531879,08",20,,"116903564,2",C
417,54186,"58722448,92",65,,"117284489,8",C
418,54353,"59084966,18",-84,,"118008879,4",C
419,54446,"59287345,32",60,,"118413507,6",C
420,54585,"59590426,5",-97,,119019101,C
421,54744,"59938103,72",-85,,"119713995,4",C
422,54853,"60177023,18",-19,,"120191578,4",C
423,54995,"60488995,5",-33,,120815088,C
424,55085,"60687134,5",-26,,121211108,C
425,55221,"60987188,82",-46,,"121810793,6",C
426,55341,"61252513,62",60,,"122341194,2",C
427,55514,"61636082,92",-77,,"123107681,8",C
428,55619,"61869444,22",48,,"123574219,4",C
429,55753,"62167929,18",-28,,"124170716,4",C
430,55894,"62482769,72",-91,,"124799916,4",C
431,56068,"62872427,48",-60,,125578746,C
432,56159,"63076669,62",81,,"125987103,2",C
433,56297,"63387060,18",62,,"126607456,4",C
434,56387,"63589880,38",19,,"127012788,8",C
435,56567,"63996498,78",-61,,"127825410,6",C
436,56643,"64168568,98",-28,,128169361,C
437,56780,64479349,38,,128790581,C
438,56901,"64754476,02",-37,,129340402,C
439,57041,"65073511,62",-47,,"129978048,2",C
440,57204,"65445970,32",85,,"130722613,6",C
441,57310,65688715,-65,,131207640,C
442,57483,"66085919,78",-26,,"132001574,6",C
443,57609,"66375939,62",43,,"132581310,2",C
444,57747,"66694329,18",26,,"133217663,4",C
445,57818,"66858438,48",-52,,133545596,C
446,58011,"67305526,42",87,,"134439336,8",C
447,58109,"67533117,62",45,,"134894188,2",C
448,58276,"67921845,52",-72,,135671031,C
449,58353,"68101442,18",-21,,"136030049,4",C
450,58538,"68533947,88",-5,,"136894526,8",C
451,58599,"68676836,02",-28,,137180102,C
452,58782,"69106461,48",52,,138038889,C
453,58871,"69315908,82",21,,"138457490,6",C
454,59037,"69707329,38",19,,"139239836,8",C
455,59132,"69931864,48",11,,139688619,C
456,59297,"70322697,18",36,,"140469819,4",C
457,59400,70567189,41,,140958504,C
458,59575,"70983630,5",-17,,141790809,C
459,59670,71210172,-45,,142243584,C
460,59818,"71563874,48",-21,,142950574,C
461,59927,"71824911,58",47,,"143472394,2",C
462,60020,72048009,-55,,143918213,C
463,60161,"72386936,42",-99,,"144595605,8",C
464,60358,"72861770,28",45,,"145544831,6",C
465,60417,"73004273,78",-47,,"145829574,6",C
466,60559,"73347869,62",-32,,"146516360,2",C
467,60671,"73619388,82",27,,"147059126,6",C
468,60862,"74083644,88",-69,,"147986974,8",C
469,60947,"74290720,18",-67,,"148400877,4",C
470,61132,"74742422,48",81,,149303880,C
471,61238,"75001864,88",-9,,"149822361,8",C
472,61384,"75359901,12",-11,,"150537999,2",C
473,61505,"75657301,5",79,,151132532,C
474,61638,"75984860,88",-71,,"151787106,8",C
475,61711,"76164938,42",49,,"152147167,8",C
476,61904,"76642122,32",-41,,"153100871,6",C
477,62031,"76956891,22",-18,,"153730056,4",C
478,62107,"77145606,98",34,,154107317,C
479,62240,77476370,66,,154768481,C
480,62431,"77952592,22",-6,,"155720285,4",C
481,62540,78225036,92,,156264949,C
482,62662,"78530517,88",13,,"156875472,8",C
483,62786,"78841628,92",89,,"157497403,8",C
484,62905,"79140791,5",-41,,158095247,C
485,63051,"79508572,02",-11,,158830405,C
486,63193,"79867086,98",87,,159547112,C
487,63326,"80203663,52",62,,160219846,C
488,63439,"80490129,42",81,,"160792462,8",C
489,63562,"80802576,88",-14,,"161416898,8",C
490,63673,"81085015,58",82,,"161981544,2",C
491,63836,"81500706,92",73,,"162812433,8",C
492,63967,"81835526,78",62,,"163481674,6",C
493,64085,"82137731,5",56,,164085729,C
494,64248,"82556126,08",73,,"164922051,2",C
495,64310,82715508,74,,165240635,C
496,64520,83256595,31,,166322141,C
497,64625,"83527803,5",-90,,166864127,C
498,64755,"83864215,5",-83,,167536573,C
499,64873,"84170126,58",-24,,"168148105,2",C
500,65024,"84562413,52",29,,168932284,C
501,65090,84734171,-26,,169275551,C
502,65286,"85245226,92",-87,,"170297018,8",C
503,65353,"85420277,18",40,,"170647050,4",C
504,65545,"85922960,5",-100,,171651706,C
505,65613,"86101324,38",-47,,"172008287,8",C
506,65745,"86448116,5",-64,,172701464,C
507,65918,"86903647,48",29,,173612105,C
508,66064,"87289036,92",-32,,"174382389,8",C
509,66146,"87505850,32",0,,"174815807,6",C
510,66340,88019929,70,,175843458,C
511,66445,"88298759,5",-88,,176400651,C
512,66547,"88570082,18",90,,"176943173,4",C
513,66665,"88884462,5",-32,,177571463,C
514,66808,"89266184,28",45,,"178334559,6",C
515,66916,"89555005,12",54,,"178911891,2",C
516,67090,90021382,37,,179844111,C
517,67188,"90284564,88",88,,"180370238,8",C
518,67364,"90758160,92",53,,"181316872,8",C
519,67439,"90960358,42",-86,,"181720908,8",C
520,67617,"91441191,78",-54,,"182682078,6",C
521,67711,"91695599,42",-48,,"183190622,8",C
522,67897,"92200048,18",-63,,"184198952,4",C
523,67955,"92357660,5",-12,,184514059,C
524,68108,"92773981,28",-48,,"185346210,6",C
525,68240,93133941,21,,186065808,C
526,68419,"93623178,22",-95,,"187043634,4",C
527,68474,"93773762,52",-46,,187344692,C
528,68645,"94242726,5",-6,,188282152,C
529,68784,"94624789,12",-25,,"189045846,2",C
530,68890,94916622,58,,189629282,C
531,68997,"95211731,18",-21,,"190219105,4",C
532,69165,"95675955,5",2,,191147078,C
533,69275,"95980513,5",-94,,191755773,C
534,69397,"96318855,18",-70,,"192432119,4",C
535,69541,"96719015,62",-65,,"193232018,2",C
536,69668,"97072611,48",8,,193938907,C
537,69797,"97432427,18",-12,,"194658136,4",C
538,69949,"97857241,02",22,,195507347,C
539,70079,"98221329,82",-12,,"196235105,6",C
540,70236,"98661901,92",-31,,"197115764,8",C
541,70357,"99002139,98",69,,197795983,C
542,70439,"99233045,42",-19,,"198257464,8",C
543,70607,"99706981,98",-4,,199204854,C
544,70696,"99958505,32",-24,,"199707618,6",C
545,70839,"100363269,4",82,,"200516828,8",C
546,70976,"100751853,5",94,,201293603,C
547,71100,101104212,74,,201997933,C
548,71201,101391634,17,,202572422,C
549,71370,101873531,-75,,203535622,C
550,71537,"102350849,4",53,,"204489890,8",C
551,71638,"102640048,9",-61,,"205067877,8",C
552,71794,"103087576,7",23,,"205962554,4",C
553,71906,"103409473,7",-73,,"206605921,4",C
554,72051,103826914,-93,,207440352,C
555,72119,"104023016,2",-31,,"207832419,4",C
556,72257,104421489,-23,,208628964,C
557,72445,"104965547,5",17,,209716562,C
558,72525,"105197497,5",1,,210180211,C
559,72694,"105688340,7",53,,"211161447,4",C
560,72820,106055052,-42,,211894402,C
561,72914,"106329025,9",-29,,"212442085,8",C
562,73085,"106828359,5",-75,,213440199,C
563,73222,"107229228,7",-81,,"214241525,4",C
564,73330,107545760,96,,214874446,C
565,73421,"107812868,8",-57,,"215408242,6",C
566,73589,"108306822,4",46,,"216395753,8",C
567,73748,"108775350,1",-53,,"217332238,2",C
568,73868,"109129619,5",43,,218040518,C
569,73953,"109380937,2",54,,"218542914,4",C
570,74061,"109700620,4",-71,,"219181836,8",C
571,74201,110115760,75,,220011847,C
572,74341,"110531668,6",48,,"220843222,2",C
573,74504,"111016933,3",-25,,"221813194,6",C
574,74644,"111434542,7",-53,,"222647970,4",C
575,74762,"111787121,9",-80,,"223352752,8",C
576,74901,112203214,38,,224184643,C
577,75010,112529990,-30,,224837805,C
578,75108,"112824223,3",48,,"225426060,6",C
579,75265,"113296388,5",78,,226369955,C
580,75397,"113694160,2",-84,,"227164945,4",C
581,75568,"114210461,5",42,,228197166,C
582,75686,"114567397,9",-38,,"228910609,8",C
583,75758,"114785472,3",-84,,"229346501,6",C
584,75953,"115377158,2",-81,,"230529296,4",C
585,76048,"115665947,1",-81,,"231106594,2",C
586,76201,116131831,-89,,232037900,C
587,76344,"116568114,7",83,,"232910215,4",C
588,76457,116913451,39,,233600510,C
589,76573,"117268485,6",68,,"234310265,2",C
590,76671,"117568855,8",32,,"234910680,6",C
591,76816,"118013972,1",-75,,"235800376,2",C
592,76961,"118459925,4",49,,"236691976,8",C
593,77100,118888205,-57,,237548018,C
594,77206,"119215317,7",32,,"238202019,4",C
595,77313,"119546004,4",10,,"238863054,8",C
596,77506,"120143616,7",69,,"240057764,4",C
597,77622,"120503513,7",-8,,"240777138,4",C
598,77748,"120895013,1",52,,"241559824,2",C
599,77891,"121340158,6",14,,"242449653,2",C
600,78025,"121758022,5",-13,,243284957,C
601,78161,"122182842,4",-45,,"244134161,8",C
602,78225,"122383010,5",-54,,244534302,C
603,78386,"122887279,9",-18,,"245542398,8",C
604,78525,"123323504,5",81,,246414535,D
605,78611,"123593781,4",38,,"246954792,8",D
606,78760,124062761,18,,247892290,D
607,78912,"124542064,9",80,,"248850508,8",D
608,79027,"124905343,6",-12,,"249576634,2",D
609,79155,"125310264,5",-10,,250386099,D
610,79268,"125668317,5",-73,,251101808,D
611,79410,126118944,-23,,252002690,D
612,79597,"126713629,2",89,,"253191616,4",D
613,79650,126882456,-27,,253529000,D
614,79834,"127469341,1",-31,,"254702219,2",D
615,79982,"127942415,5",47,,255648007,D
616,80078,"128249730,7",58,,"256262365,4",D
617,80224,"128717789,5",55,,257198047,D
618,80301,128965009,-45,,257692160,D
619,80464,"129489094,9",22,,"258739914,8",D
620,80640,130056204,42,,259873630,D
621,80727,"130336964,6",11,,"260434864,2",D
622,80853,"130744158,2",-75,,"261248792,4",D
623,81002,"131226483,1",61,,"262213136,2",D
624,81112,"131583113,9",33,,"262926044,8",D
625,81244,"132011743,7",29,,"263782909,4",D
626,81389,"132483403,4",87,,"264725856,8",D
627,81546,"132994984,3",43,,"265748508,6",D
628,81618,"133229965,5",76,,266218293,D
629,81739,"133625277,4",78,,"267008560,8",D
630,81890,134119439,51,,267996409,D
631,81991,"134450498,6",50,,"268658229,2",D
632,82138,"134933009,9",26,,"269622791,8",D
633,82317,"135521752,8",-100,,"270799619,6",D
634,82426,"135880891,5",68,,271517743,D
635,82573,"136365994,6",12,,"272487457,2",D
636,82672,"136693193,7",81,,"273141632,4",D
637,82776,"137037310,5",14,,273829492,D
638,82979,"137710303,8",67,,"275174927,6",D
639,83047,"137936064,2",93,,"275626275,4",D
640,83189,"138408199,4",-59,,"276569972,8",D
641,83349,138941117,-44,,277635348,D
642,83480,139378205,15,,278509195,D
643,83598,"139772505,1",-63,,"279297368,2",D
644,83701,140117152,-53,,279986368,D
645,83845,"140599690,5",70,,280951141,D
646,83957,140975554,-33,,281702434,D
647,84072,"141362019,7",50,,"282475108,4",D
648,84245,"141944400,5",-11,,283639295,D
649,84377,"142389543,6",48,,"284529249,2",D
650,84470,142703622,4,,285157088,D
651,84592,"143116146,3",59,,"285981830,6",D
652,84760,143685144,98,,287119366,D
653,84919,"144224723,2",58,,"288198012,4",D
654,84991,"144469401,6",66,,"288687166,2",D
655,85110,144874248,-75,,289496366,D
656,85265,"145402418,5",-73,,290552249,D
657,85378,"145788076,7",-84,,"291323220,4",D
658,85547,"146365764,2",41,,"292478218,4",D
659,85666,"146773262,1",22,,"293292843,2",D
660,85803,"147243099,2",-8,,"294232081,4",D
661,85913,"147620890,4",19,,"294987365,8",D
662,86055,"148109269,5",16,,295963700,D
663,86154,"148450254,3",-17,,"296645344,6",D
664,86357,149150635,22,,298045541,D
665,86461,"149510100,4",94,,"298764236,8",D
666,86576,"149908085,5",40,,299559813,D
667,86739,"150473102,4",-66,,"300689256,8",D
668,86821,"150757704,8",-56,,"301258230,6",D
669,87010,151414821,64,,302572021,D
670,87112,"151770019,9",-69,,"303281984,8",D
671,87198,"152069812,1",49,,"303881434,2",D
672,87342,"152572505,3",0,,"304886344,6",D
673,87504,"153138991,3",6,,"306018841,6",D
674,87641,"153618910,6",-21,,"306978247,2",D
675,87781,"154110083,2",-40,,"307960158,4",D
676,87846,"154338374,3",-18,,"308416572,6",D
677,88040,155020817,98,,309780997,D
678,88128,"155330891,7",62,,"310400851,4",D
679,88253,"155771822,2",-59,,"311282221,4",D
680,88435,"156414981,5",-83,,312567975,D
681,88562,"156864544,9",-31,,"313466777,8",D
682,88693,157328945,95,,314395316,D
683,88754,"157545449,3",61,,"314828112,6",D
684,88880,157993097,26,,315723000,D
685,89038,"158555302,9",-86,,"316846830,8",D
686,89216,"159189888,1",-84,,"318115474,2",D
687,89272,"159389779,7",-90,,"318515088,4",D
688,89463,"160072582,4",-7,,"319880208,8",D
689,89591,"160530961,6",-78,,"320796517,2",D
690,89740,161065340,79,,321864989,D
691,89860,161496375,-72,,322726553,D
692,89976,"161913607,5",71,,323560818,D
693,90087,"162313359,4",-77,,"324359845,8",D
694,90251,162904848,-26,,325542387,D
695,90360,163298584,5,,326329568,D
696,90440,163587875,-86,,326907824,D
697,90608,"164196198,3",69,,"328124126,6",D
698,90755,"164729409,5",-84,,329189960,D
699,90905,"165274369,5",79,,330279598,D
700,90984,"165561756,1",50,,"330854110,2",D
701,91142,"166137268,3",-26,,"332004589,6",D
702,91273,"166615228,6",-47,,"332960101,2",D
703,91361,"166936629,4",20,,"333602710,8",D
704,91507,167470607,-58,,334670155,D
705,91673,"168078768,6",-8,,"335886035,2",D
706,91745,"168342909,5",-96,,336414018,D
707,91872,"168809294,7",-86,,"337346422,4",D
708,92059,"169497189,6",-48,,"338721694,2",D
709,92181,"169946718,2",45,,"339620483,4",D
710,92267,"170263987,8",93,,"340254817,6",D
711,92455,"170958529,5",21,,341643270,D
712,92572,"171391522,7",70,,"342508959,4",D
713,92680,171791629,-54,,343308729,D
714,92850,172422431,37,,344569919,D
715,92917,"172671362,8",-39,,"345067510,6",D
716,93089,"173311252,4",-63,,"346346754,8",D
717,93205,"173743426,5",42,,347210865,D
718,93305,"174116474,5",66,,347956690,D
719,93431,"174587035,2",83,,"348897455,4",D
720,93597,"175207957,2",49,,"350138772,4",D
721,93711,"175635028,4",-95,,"350992433,8",D
722,93860,176193976,70,,352110052,D
723,93963,"176580911,4",-32,,"352883516,8",D
724,94094,"177073636,7",-82,,"353868529,4",D
725,94275,"177755530,5",16,,355231877,D
726,94358,"178068624,3",-90,,"355857714,6",D
727,94537,"178744896,4",11,,"357209827,8",D
728,94656,"179195186,7",-23,,"358110022,4",D
729,94782,"179672560,5",17,,359064437,D
730,94882,"180051870,5",99,,359822844,D
731,94990,180462022,6,,360642735,D
732,95139,"181028606,4",-1,,"361775454,8",D
733,95301,181645595,7,,363008959,D
734,95429,"182133860,8",-74,,"363985030,6",D
735,95583,"182722204,8",-61,,"365161274,6",D
736,95707,183196582,67,,366109790,D
737,95829,"183663950,8",86,,"367044185,6",D
738,95964,"184181786,9",32,,"368079403,8",D
739,96048,"184504359,1",-22,,"368724247,2",D
740,96206,"185111889,7",0,,"369938861,4",D
741,96345,"185647184,5",5,,371009044,D
742,96429,"185971038,8",-1,,"371656499,6",D
743,96572,"186523021,7",-76,,"372759966,4",D
744,96681,"186944319,2",-91,,"373602224,4",D
745,96889,"187749573,4",22,,"375212226,8",D
746,96985,"188121819,5",-12,,375956402,D
747,97149,188758576,48,,377229488,D
748,97238,"189104581,9",69,,"377921258,8",D
749,97356,"189563798,7",-17,,"378839257,4",D
750,97482,"190054812,5",83,,379821012,D
751,97602,"190523020,1",83,,"380757072,2",D
752,97728,"191015237,7",83,,"381741134,4",D
753,97925,"191786120,5",57,,383282288,D
754,97992,"192048645,3",43,,"383807127,6",D
755,98186,"192809829,9",-4,,"385328872,8",D
756,98310,193297103,39,,386303095,D
757,98392,"193619727,3",-74,,"386947989,6",D
758,98570,194320914,-59,,388349849,D
759,98687,"194782494,4",-7,,"389272715,8",D
760,98786,"195173463,9",17,,"390054386,8",D
761,98969,"195897241,2",49,,"391501429,4",D
762,99057,196245766,-96,,392198075,D
763,99189,"196769150,4",29,,"393244577,8",D
764,99352,"197416412,1",21,,"394538609,2",D
765,99475,"197905527,5",6,,395516461,D
766,99575,"198303599,5",-30,,396312274,D
767,99727,"198909477,6",5,,"397523614,2",D
768,99866,"199464343,1",24,,"398632952,2",D
769,99974,"199896009,5",-68,,399495874,D
770,100106,"200424212,7",-68,,"400551889,4",D
771,100257,201029317,-65,,401761653,D
772,100393,201575094,14,,402852883,D
773,100530,202125605,7,,403953492,D
774,100593,202379017,-72,,404460053,D
775,100718,"202882329,5",63,,405466443,D
776,100862,"203462864,9",-6,,"406627017,8",D
777,101024,"204116963,5",19,,407934759,D
778,101177,"204735692,6",85,,"409171829,2",D
779,101289,"205189246,4",34,,"410078554,8",D
780,101428,"205752803,7",-19,,"411205204,4",D
781,101539,"206203364,4",1,,"412106017,8",D
782,101672,"206743899,7",-62,,"413186631,4",D
783,101765,"207122306,5",-80,,413943153,D
784,101953,"207888273,2",-4,,"415474603,4",D
785,102035,"208222810,5",-21,,416143420,D
786,102161,"208737392,4",-2,,"417172229,8",D
787,102300,209305782,56,,418308655,D
788,102408,"209747955,3",-51,,"419192575,6",D
789,102558,"210362852,3",97,,"420422072,6",D
790,102705,"210966320,5",34,,421628510,D
791,102855,"211583022,5",-79,,422861356,D
792,102981,"212101740,2",60,,"423898557,4",D
793,103074,"212484980,5",-26,,424664678,D
794,103225,"213107996,5",0,,425910288,D
795,103329,"213537635,8",-35,,"426769224,6",D
796,103460,214079425,17,,427852467,D
797,103642,"214833271,3",23,,"429359624,6",D
798,103746,"215264653,3",-8,,"430222050,6",D
799,103837,"215642446,4",99,,"430977475,8",D
800,104032,"216453127,5",9,,432598168,D
801,104133,"216873617,8",10,,"433438851,6",D
802,104256,"217386286,7",26,,"434463841,4",D
803,104384,"217920392,1",65,,"435531712,2",D
804,104537,"218559680,4",92,,"436809861,8",D
805,104656,"219057577,7",78,,"437805290,4",D
806,104768,"219526685,5",-3,,438743094,E
807,104885,"220017248,5",-58,,439723819,E
808,105059,"220747882,6",-48,,"441184580,2",E
809,105152,"221138878,1",23,,"441966368,2",E
810,105309,"221799692,6",-80,,"443287428,2",E
811,105457,222423593,93,,444534963,E
812,105574,"222917382,5",13,,445522116,E
813,105718,"223525929,5",65,,446738835,E
814,105811,"223919355,4",21,,"447525368,8",E
815,105964,"224567389,9",-96,,"448820866,8",E
816,106041,"224893883,6",-80,,"449473644,2",E
817,106216,"225636758,1",-44,,"450958909,2",E
818,106360,226249002,-33,,452182981,E
819,106455,"226653326,5",-55,,452991328,E
820,106592,"227237102,3",46,,"454158574,6",E
821,106702,"227706342,1",-24,,"455096659,2",E
822,106895,"228530801,5",-79,,456744949,E
823,106969,"228847343,2",-61,,"457377833,4",E
824,107130,229536729,-81,,458756107,E
825,107222,"229931143,7",88,,"459544834,4",E
826,107386,"230635054,9",40,,"460952121,8",E
827,107507,231155113,-5,,461991835,E
828,107604,"231572432,3",-70,,"462826122,6",E
829,107731,"232119368,2",0,,"463919688,4",E
830,107899,232843893,-26,,465368213,E
831,108015,"233344808,5",-38,,466369689,E
832,108171,"234019297,8",41,,"467718283,6",E
833,108326,"234690439,5",-57,,469060009,E
834,108398,"235002534,1",62,,"469684106,2",E
835,108538,"235609944,9",61,,"470898511,8",E
836,108673,"236196432,6",-83,,"472070943,2",E
837,108846,"236949032,3",-80,,"473575631,6",E
838,108923,"237284393,6",15,,"474246223,2",E
839,109079,"237964566,8",-10,,"475606081,6",E
840,109198,"238484065,1",-30,,"476644706,2",E
841,109336,"239087210,9",-35,,"477850583,8",E
842,109465,"239651732,5",-70,,478979210,E
843,109623,"240344029,6",48,,"480363453,2",E
844,109697,"240668646,2",-77,,"481012344,4",E
845,109827,"241239406,6",22,,"482153579,2",E
846,109965,"241846027,5",4,,483366394,E
847,110105,"242462228,5",-8,,484598369,E
848,110276,"243215915,5",0,,486105243,E
849,110404,"243780870,3",-14,,"487234759,6",E
850,110524,"244311080,5",-35,,488294804,E
851,110599,244642757,37,,488958009,E
852,110782,"245453040,5",-40,,490577955,E
853,110902,"245985075,1",97,,"491641806,2",E
854,111055,"246664265,5",-32,,492999604,E
855,111132,"247006430,5",-37,,493683703,E
856,111281,"247669229,2",-96,,"495008799,4",E
857,111381,"248114525,2",-20,,"495899172,4",E
858,111530,248778829,-78,,497227280,E
859,111710,249582492,-46,,498834103,E
860,111805,"250007175,5",-57,,499683179,E
861,111964,"250718760,9",-77,,"501105857,8",E
862,112024,"250987537,5",86,,501643399,E
863,112187,"251718473,4",-74,,"503104626,8",E
864,112326,"252342602,5",-71,,504352476,E
865,112429,"252805614,8",67,,"505278334,6",E
866,112576,"253467127,5",64,,506600921,E
867,112739,"254201638,4",-52,,"508069342,8",E
868,112866,"254774694,1",86,,"509215216,2",E
869,112971,"255248954,8",64,,"510163405,6",E
870,113096,"255814099,3",90,,"511293350,6",E
871,113240,256465935,-24,,512596481,E
872,113339,"256914558,4",-36,,"513493423,8",E
873,113463,"257477052,4",100,,"514618180,8",E
874,113598,"258090099,1",-67,,"515843707,2",E
875,113757,258813111,-50,,517289276,E
876,113890,259418624,59,,518500017,E
877,113973,"259796880,6",-48,,"519256179,2",E
878,114153,"260618131,2",21,,"520898214,4",E
879,114292,"261253209,3",15,,"522167952,6",E
880,114385,"261678579,5",52,,523018456,E
881,114495,"262182080,5",59,,524025140,E
882,114622,"262764067,7",-99,,"525188580,4",E
883,114793,263548653,12,,526757354,E
884,114898,"264031008,1",2,,"527721744,2",E
885,115059,"264771483,6",-78,,"529202137,2",E
886,115199,265416203,22,,530491261,E
887,115271,"265748053,8",-52,,"531154677,6",E
888,115446,"266555576,3",-4,,"532769250,6",E
889,115559,"267077636,6",-39,,"533813002,2",E
890,115737,"267901044,4",38,,"535459365,8",E
891,115848,"268415167,1",-66,,"536487179,2",E
892,115988,"269064306,9",73,,"537785182,8",E
893,116055,"269375275,5",-46,,538406805,E
894,116207,270081332,-11,,539818502,E
895,116375,"270862804,5",-92,,541380867,E
896,116487,"271384432,4",11,,"542423894,8",E
897,116620,272004489,-14,,543663589,E
898,116709,"272419803,6",89,,"544494059,2",E
899,116843,273045728,50,,545745472,E
900,117030,273920437,94,,547494378,E
901,117114,"274313769,9",52,,"548280754,8",E
902,117231,"274862127,2",46,,"549377117,4",E
903,117420,275749133,-13,,551150508,E
904,117531,"276270705,2",-21,,"552193316,4",E
905,117677,"276957543,6",94,,"553566675,2",E
906,117810,277583934,-1,,554818967,E
907,117914,"278074241,9",-58,,"555799218,8",E
908,118033,"278635770,8",-65,,"556921917,6",E
909,118191,"279382234,6",96,,"558414537,2",E
910,118328,"280030327,7",-26,,"559710195,4",E
911,118454,"280627008,3",-76,,"560903133,6",E
912,118529,"280982471,8",23,,"561613939,6",E
913,118701,281798564,17,,563245607,E
914,118848,"282496957,1",-51,,"564641889,2",E
915,118944,"282953505,7",-90,,"565554664,4",E
916,119106,"283724784,7",67,,"567096898,4",E
917,119250,284411258,-57,,568469294,E
918,119308,"284687990,3",-76,,"569022570,6",E
919,119457,285399517,27,,570445285,E
920,119639,"286269787,4",76,,"572185333,8",E
921,119739,"286748558,4",-21,,"573142483,8",E
922,119891,"287477048,6",-34,,"574599000,2",E
923,120017,"288081608,8",47,,"575807828,6",E
924,120086,"288412939,9",85,,"576470326,8",E
925,120241,"289157952,6",-2,,"577959805,2",E
926,120344,"289653580,7",-85,,"578950674,4",E
927,120477,"290294141,6",-35,,"580231452,2",E
928,120651,291133256,-5,,581909194,E
929,120779,"291751342,8",-79,,"583144914,6",E
930,120933,"292495801,8",54,,"584633508,6",E
931,121007,292853889,-8,,585349404,E
932,121133,"293464078,8",94,,"586569512,6",E
933,121298,"294264115,1",91,,"588169092,2",E
934,121430,294904890,85,,589450245,E
935,121537,"295424855,4",58,,"590489832,8",E
936,121672,"296081494,7",-79,,"591802574,4",E
937,121847,"296933809,2",80,,"593506842,4",E
938,121908,"297231214,3",-86,,"594101308,6",E
939,122031,"297831298,2",6,,"595301204,4",E
940,122213,"298720367,4",87,,"597078882,8",E
941,122290,299096899,29,,597831662,E
942,122421,"299738029,8",-21,,"599113485,6",E
943,122579,"300512222,8",-19,,"600661404,6",E
944,122751,301356178,-34,,602348789,E
945,122865,"301916181,5",-46,,603468447,E
946,122947,"302319316,2",0,,"604274521,4",E
947,123147,"303303654,2",61,,"606242663,4",E
948,123246,"303791520,3",-45,,"607217997,6",E
949,123330,304205768,-22,,608046269,E
950,123527,"305178375,6",-21,,"609990899,2",E
951,123647,"305771630,2",50,,"611177124,4",E
952,123721,"306137712,8",-15,,"611909007,6",E
953,123860,306826000,-77,,613285108,E
954,124032,"307678735,5",73,,614990218,E
955,124141,"308219776,6",18,,"616071923,2",E
956,124249,308756291,-13,,617144602,E
957,124416,"309586812,1",-21,,"618805140,2",E
958,124517,"310089659,8",8,,"619810566,6",E
959,124710,311051680,91,,621734116,E
960,124828,"311640584,7",2,,"622911487,4",E
961,124915,"312075150,5",-10,,623780351,E
962,125049,312745045,-2,,625119751,E
963,125190,313450703,-41,,626530610,E
964,125303,"314016819,2",-92,,"627662457,4",E
965,125479,"314899595,8",-67,,"629427512,6",E
966,125607,315542384,-55,,630712722,E
967,125719,"316105338,2",-51,,"631838303,4",E
968,125852,"316774510,1",48,,"633176352,2",E
969,125989,"317464561,4",18,,"634556018,8",E
970,126060,317822465,-16,,635271584,E
971,126204,"318548975,3",65,,"636724258,6",E
972,126380,319438095,87,,638501997,E
973,126472,"319903349,7",-41,,"639432107,4",E
974,126648,"320794305,1",58,,"641213594,2",E
975,126770,321412667,22,,642449921,E
976,126901,322077258,-12,,643778681,E
977,126989,"322524142,4",-30,,"644672172,8",E
978,127147,"323327183,2",-4,,"646277811,4",E
979,127256,"323881779,7",-84,,"647386602,4",E
980,127415,"324691659,5",-66,,649005908,E
981,127567,"325466790,8",73,,"650555858,6",E
982,127665,"325967064,5",-37,,651556007,E
983,127759,"326447241,6",22,,"652516143,2",E
984,127922,"327280742,7",64,,"654182703,4",E
985,128019,"327777297,2",-41,,"655175421,4",E
986,128182,"328612496,5",-75,,656845302,E
987,128288,"329156230,9",78,,"657932610,8",E
988,128445,"329962361,5",34,,659544362,E
989,128531,"330404369,2",-61,,"660428029,4",E
990,128662,"331078190,9",-55,,"661775290,8",E
991,128843,332010391,75,,663639283,E
992,128964,"332634280,9",-47,,"664886582,8",E
993,129083,"333248430,8",-61,,"666114516,6",E
994,129245,"334085396,5",77,,667788105,E
995,129317,"334457710,8",-77,,"668532368,6",E
996,129487,"335337672,4",-4,,"670291859,8",E
997,129619,"336021688,2",-45,,"671659459,4",E
998,129743,336664921,-82,,672945521,E
999,129838,"337158140,9",79,,"673931841,8",E
1000,130016,"338083212,1",12,,"675781388,2",E